{"F1 Score": 0.7968285431119921, "ROC-AUC": 0.7435163996948894, "Accuracy": 0.7371794871794872, "Precision": 0.8796498905908097, "Recall": 0.7282608695652174}